<?xml version="1.0" encoding="UTF-8"?>
<project name="pers.dafacloud" default="all">
  
  
  <property file="dafacloud.properties"/>
  <!-- Uncomment the following property if no tests compilation is needed -->
  <!-- 
  <property name="skip.tests" value="true"/>
   -->
  
  <!-- Compiler options -->
  
  <property name="compiler.debug" value="on"/>
  <property name="compiler.generate.no.warnings" value="off"/>
  <property name="compiler.args" value=""/>
  <property name="compiler.max.memory" value="700m"/>
  <patternset id="ignored.files">
    <exclude name="**/*.hprof/**"/>
    <exclude name="**/*.pyc/**"/>
    <exclude name="**/*.pyo/**"/>
    <exclude name="**/*.rbc/**"/>
    <exclude name="**/*.yarb/**"/>
    <exclude name="**/*~/**"/>
    <exclude name="**/.DS_Store/**"/>
    <exclude name="**/.git/**"/>
    <exclude name="**/.hg/**"/>
    <exclude name="**/.svn/**"/>
    <exclude name="**/CVS/**"/>
    <exclude name="**/__pycache__/**"/>
    <exclude name="**/_svn/**"/>
    <exclude name="**/vssver.scc/**"/>
    <exclude name="**/vssver2.scc/**"/>
  </patternset>
  <patternset id="library.patterns">
    <include name="*.egg"/>
    <include name="*.jar"/>
    <include name="*.ear"/>
    <include name="*.klib"/>
    <include name="*.swc"/>
    <include name="*.war"/>
    <include name="*.zip"/>
    <include name="*.ane"/>
  </patternset>
  <patternset id="compiler.resources">
    <exclude name="**/?*.java"/>
    <exclude name="**/?*.form"/>
    <exclude name="**/?*.class"/>
    <exclude name="**/?*.groovy"/>
    <exclude name="**/?*.scala"/>
    <exclude name="**/?*.flex"/>
    <exclude name="**/?*.kt"/>
    <exclude name="**/?*.clj"/>
    <exclude name="**/?*.aj"/>
  </patternset>
  
  <!-- JDK definitions -->
  
  <property name="jdk.bin.1.8" value="${jdk.home.1.8}/bin"/>
  <path id="jdk.classpath.1.8">
    <fileset dir="${jdk.home.1.8}">
      <include name="jre/lib/charsets.jar"/>
      <include name="jre/lib/deploy.jar"/>
      <include name="jre/lib/ext/cldrdata.jar"/>
      <include name="jre/lib/ext/dnsns.jar"/>
      <include name="jre/lib/ext/jaccess.jar"/>
      <include name="jre/lib/ext/jfxrt.jar"/>
      <include name="jre/lib/ext/localedata.jar"/>
      <include name="jre/lib/ext/nashorn.jar"/>
      <include name="jre/lib/ext/sunec.jar"/>
      <include name="jre/lib/ext/sunjce_provider.jar"/>
      <include name="jre/lib/ext/sunpkcs11.jar"/>
      <include name="jre/lib/ext/zipfs.jar"/>
      <include name="jre/lib/javaws.jar"/>
      <include name="jre/lib/jce.jar"/>
      <include name="jre/lib/jfr.jar"/>
      <include name="jre/lib/jfxswt.jar"/>
      <include name="jre/lib/jsse.jar"/>
      <include name="jre/lib/management-agent.jar"/>
      <include name="jre/lib/plugin.jar"/>
      <include name="jre/lib/resources.jar"/>
      <include name="jre/lib/rt.jar"/>
      <include name="lib/ant-javafx.jar"/>
      <include name="lib/dt.jar"/>
      <include name="lib/javafx-mx.jar"/>
      <include name="lib/jconsole.jar"/>
      <include name="lib/packager.jar"/>
      <include name="lib/sa-jdi.jar"/>
      <include name="lib/tools.jar"/>
    </fileset>
  </path>
  
  <property name="project.jdk.home" value="${jdk.home.1.8}"/>
  <property name="project.jdk.bin" value="${jdk.bin.1.8}"/>
  <property name="project.jdk.classpath" value="jdk.classpath.1.8"/>
  
  
  <!-- Project Libraries -->
  
  <path id="library.maven:_antlr:antlr:2.7.7.classpath">
    <pathelement location="${basedir}/../../maven/repository/antlr/antlr/2.7.7/antlr-2.7.7.jar"/>
  </path>
  
  <path id="library.maven:_ch.qos.logback:logback-classic:1.2.3.classpath">
    <pathelement location="${basedir}/../../maven/repository/ch/qos/logback/logback-classic/1.2.3/logback-classic-1.2.3.jar"/>
  </path>
  
  <path id="library.maven:_ch.qos.logback:logback-core:1.2.3.classpath">
    <pathelement location="${basedir}/../../maven/repository/ch/qos/logback/logback-core/1.2.3/logback-core-1.2.3.jar"/>
  </path>
  
  <path id="library.maven:_com.alibaba:druid:1.1.12.classpath">
    <pathelement location="${basedir}/../../maven/repository/com/alibaba/druid/1.1.12/druid-1.1.12.jar"/>
  </path>
  
  <path id="library.maven:_com.beust:jcommander:1.72.classpath">
    <pathelement location="${basedir}/../../maven/repository/com/beust/jcommander/1.72/jcommander-1.72.jar"/>
  </path>
  
  <path id="library.maven:_com.fasterxml.jackson.core:jackson-annotations:2.9.0.classpath">
    <pathelement location="${basedir}/../../maven/repository/com/fasterxml/jackson/core/jackson-annotations/2.9.0/jackson-annotations-2.9.0.jar"/>
  </path>
  
  <path id="library.maven:_com.fasterxml.jackson.core:jackson-core:2.9.8.classpath">
    <pathelement location="${basedir}/../../maven/repository/com/fasterxml/jackson/core/jackson-core/2.9.8/jackson-core-2.9.8.jar"/>
  </path>
  
  <path id="library.maven:_com.fasterxml.jackson.core:jackson-databind:2.9.8.classpath">
    <pathelement location="${basedir}/../../maven/repository/com/fasterxml/jackson/core/jackson-databind/2.9.8/jackson-databind-2.9.8.jar"/>
  </path>
  
  <path id="library.maven:_com.fasterxml.jackson.datatype:jackson-datatype-jdk8:2.9.8.classpath">
    <pathelement location="${basedir}/../../maven/repository/com/fasterxml/jackson/datatype/jackson-datatype-jdk8/2.9.8/jackson-datatype-jdk8-2.9.8.jar"/>
  </path>
  
  <path id="library.maven:_com.fasterxml.jackson.datatype:jackson-datatype-jsr310:2.9.8.classpath">
    <pathelement location="${basedir}/../../maven/repository/com/fasterxml/jackson/datatype/jackson-datatype-jsr310/2.9.8/jackson-datatype-jsr310-2.9.8.jar"/>
  </path>
  
  <path id="library.maven:_com.fasterxml.jackson.module:jackson-module-parameter-names:2.9.8.classpath">
    <pathelement location="${basedir}/../../maven/repository/com/fasterxml/jackson/module/jackson-module-parameter-names/2.9.8/jackson-module-parameter-names-2.9.8.jar"/>
  </path>
  
  <path id="library.maven:_com.fasterxml:classmate:1.4.0.classpath">
    <pathelement location="${basedir}/../../maven/repository/com/fasterxml/classmate/1.4.0/classmate-1.4.0.jar"/>
  </path>
  
  <path id="library.maven:_com.jayway.jsonpath:json-path:2.4.0.classpath">
    <pathelement location="${basedir}/../../maven/repository/com/jayway/jsonpath/json-path/2.4.0/json-path-2.4.0.jar"/>
  </path>
  
  <path id="library.maven:_com.vaadin.external.google:android-json:0.0.20131108.vaadin1.classpath">
    <pathelement location="${basedir}/../../maven/repository/com/vaadin/external/google/android-json/0.0.20131108.vaadin1/android-json-0.0.20131108.vaadin1.jar"/>
  </path>
  
  <path id="library.maven:_com.zaxxer:hikaricp:3.2.0.classpath">
    <pathelement location="${basedir}/../../maven/repository/com/zaxxer/HikariCP/3.2.0/HikariCP-3.2.0.jar"/>
  </path>
  
  <path id="library.maven:_commons-beanutils:commons-beanutils:1.9.3.classpath">
    <pathelement location="${basedir}/../../maven/repository/commons-beanutils/commons-beanutils/1.9.3/commons-beanutils-1.9.3.jar"/>
  </path>
  
  <path id="library.maven:_commons-codec:commons-codec:1.11.classpath">
    <pathelement location="${basedir}/../../maven/repository/commons-codec/commons-codec/1.11/commons-codec-1.11.jar"/>
  </path>
  
  <path id="library.maven:_commons-collections:commons-collections:3.2.2.classpath">
    <pathelement location="${basedir}/../../maven/repository/commons-collections/commons-collections/3.2.2/commons-collections-3.2.2.jar"/>
  </path>
  
  <path id="library.maven:_commons-lang:commons-lang:2.6.classpath">
    <pathelement location="${basedir}/../../maven/repository/commons-lang/commons-lang/2.6/commons-lang-2.6.jar"/>
  </path>
  
  <path id="library.maven:_commons-logging:commons-logging:1.2.classpath">
    <pathelement location="${basedir}/../../maven/repository/commons-logging/commons-logging/1.2/commons-logging-1.2.jar"/>
  </path>
  
  <path id="library.maven:_javax.activation:javax.activation-api:1.2.0.classpath">
    <pathelement location="${basedir}/../../maven/repository/javax/activation/javax.activation-api/1.2.0/javax.activation-api-1.2.0.jar"/>
  </path>
  
  <path id="library.maven:_javax.annotation:javax.annotation-api:1.3.2.classpath">
    <pathelement location="${basedir}/../../maven/repository/javax/annotation/javax.annotation-api/1.3.2/javax.annotation-api-1.3.2.jar"/>
  </path>
  
  <path id="library.maven:_javax.persistence:javax.persistence-api:2.2.classpath">
    <pathelement location="${basedir}/../../maven/repository/javax/persistence/javax.persistence-api/2.2/javax.persistence-api-2.2.jar"/>
  </path>
  
  <path id="library.maven:_javax.transaction:javax.transaction-api:1.3.classpath">
    <pathelement location="${basedir}/../../maven/repository/javax/transaction/javax.transaction-api/1.3/javax.transaction-api-1.3.jar"/>
  </path>
  
  <path id="library.maven:_javax.validation:validation-api:2.0.1.final.classpath">
    <pathelement location="${basedir}/../../maven/repository/javax/validation/validation-api/2.0.1.Final/validation-api-2.0.1.Final.jar"/>
  </path>
  
  <path id="library.maven:_javax.websocket:javax.websocket-api:1.0.classpath">
    <pathelement location="${basedir}/../../maven/repository/javax/websocket/javax.websocket-api/1.0/javax.websocket-api-1.0.jar"/>
  </path>
  
  <path id="library.maven:_javax.websocket:javax.websocket-client-api:1.1.classpath">
    <pathelement location="${basedir}/../../maven/repository/javax/websocket/javax.websocket-client-api/1.1/javax.websocket-client-api-1.1.jar"/>
  </path>
  
  <path id="library.maven:_javax.xml.bind:jaxb-api:2.3.1.classpath">
    <pathelement location="${basedir}/../../maven/repository/javax/xml/bind/jaxb-api/2.3.1/jaxb-api-2.3.1.jar"/>
  </path>
  
  <path id="library.maven:_junit:junit:4.12.classpath">
    <pathelement location="${basedir}/../../maven/repository/junit/junit/4.12/junit-4.12.jar"/>
  </path>
  
  <path id="library.maven:_mysql:mysql-connector-java:8.0.15.classpath">
    <pathelement location="${basedir}/../../maven/repository/mysql/mysql-connector-java/8.0.15/mysql-connector-java-8.0.15.jar"/>
  </path>
  
  <path id="library.maven:_net.bytebuddy:byte-buddy-agent:1.9.10.classpath">
    <pathelement location="${basedir}/../../maven/repository/net/bytebuddy/byte-buddy-agent/1.9.10/byte-buddy-agent-1.9.10.jar"/>
  </path>
  
  <path id="library.maven:_net.bytebuddy:byte-buddy:1.9.10.classpath">
    <pathelement location="${basedir}/../../maven/repository/net/bytebuddy/byte-buddy/1.9.10/byte-buddy-1.9.10.jar"/>
  </path>
  
  <path id="library.maven:_net.minidev:accessors-smart:1.2.classpath">
    <pathelement location="${basedir}/../../maven/repository/net/minidev/accessors-smart/1.2/accessors-smart-1.2.jar"/>
  </path>
  
  <path id="library.maven:_net.minidev:json-smart:2.3.classpath">
    <pathelement location="${basedir}/../../maven/repository/net/minidev/json-smart/2.3/json-smart-2.3.jar"/>
  </path>
  
  <path id="library.maven:_net.sf.ezmorph:ezmorph:1.0.6.classpath">
    <pathelement location="${basedir}/../../maven/repository/net/sf/ezmorph/ezmorph/1.0.6/ezmorph-1.0.6.jar"/>
  </path>
  
  <path id="library.maven:_net.sf.json-lib:json-lib:jdk15:2.4.classpath">
    <pathelement location="${basedir}/../../maven/repository/net/sf/json-lib/json-lib/2.4/json-lib-2.4-jdk15.jar"/>
  </path>
  
  <path id="library.maven:_org.apache-extras.beanshell:bsh:2.0b6.classpath">
    <pathelement location="${basedir}/../../maven/repository/org/apache-extras/beanshell/bsh/2.0b6/bsh-2.0b6.jar"/>
  </path>
  
  <path id="library.maven:_org.apache.httpcomponents:httpclient:4.5.5.classpath">
    <pathelement location="${basedir}/../../maven/repository/org/apache/httpcomponents/httpclient/4.5.5/httpclient-4.5.5.jar"/>
  </path>
  
  <path id="library.maven:_org.apache.httpcomponents:httpcore:4.4.11.classpath">
    <pathelement location="${basedir}/../../maven/repository/org/apache/httpcomponents/httpcore/4.4.11/httpcore-4.4.11.jar"/>
  </path>
  
  <path id="library.maven:_org.apache.logging.log4j:log4j-api:2.11.2.classpath">
    <pathelement location="${basedir}/../../maven/repository/org/apache/logging/log4j/log4j-api/2.11.2/log4j-api-2.11.2.jar"/>
  </path>
  
  <path id="library.maven:_org.apache.logging.log4j:log4j-to-slf4j:2.11.2.classpath">
    <pathelement location="${basedir}/../../maven/repository/org/apache/logging/log4j/log4j-to-slf4j/2.11.2/log4j-to-slf4j-2.11.2.jar"/>
  </path>
  
  <path id="library.maven:_org.apache.tomcat.embed:tomcat-embed-core:9.0.16.classpath">
    <pathelement location="${basedir}/../../maven/repository/org/apache/tomcat/embed/tomcat-embed-core/9.0.16/tomcat-embed-core-9.0.16.jar"/>
  </path>
  
  <path id="library.maven:_org.apache.tomcat.embed:tomcat-embed-el:9.0.16.classpath">
    <pathelement location="${basedir}/../../maven/repository/org/apache/tomcat/embed/tomcat-embed-el/9.0.16/tomcat-embed-el-9.0.16.jar"/>
  </path>
  
  <path id="library.maven:_org.apache.tomcat.embed:tomcat-embed-websocket:9.0.16.classpath">
    <pathelement location="${basedir}/../../maven/repository/org/apache/tomcat/embed/tomcat-embed-websocket/9.0.16/tomcat-embed-websocket-9.0.16.jar"/>
  </path>
  
  <path id="library.maven:_org.aspectj:aspectjweaver:1.9.2.classpath">
    <pathelement location="${basedir}/../../maven/repository/org/aspectj/aspectjweaver/1.9.2/aspectjweaver-1.9.2.jar"/>
  </path>
  
  <path id="library.maven:_org.assertj:assertj-core:3.11.1.classpath">
    <pathelement location="${basedir}/../../maven/repository/org/assertj/assertj-core/3.11.1/assertj-core-3.11.1.jar"/>
  </path>
  
  <path id="library.maven:_org.dom4j:dom4j:2.1.1.classpath">
    <pathelement location="${basedir}/../../maven/repository/org/dom4j/dom4j/2.1.1/dom4j-2.1.1.jar"/>
  </path>
  
  <path id="library.maven:_org.glassfish.grizzly:grizzly-framework:2.3.15-gfa.classpath">
    <pathelement location="${basedir}/../../maven/repository/org/glassfish/grizzly/grizzly-framework/2.3.15-gfa/grizzly-framework-2.3.15-gfa.jar"/>
  </path>
  
  <path id="library.maven:_org.glassfish.grizzly:grizzly-http-server:2.3.15-gfa.classpath">
    <pathelement location="${basedir}/../../maven/repository/org/glassfish/grizzly/grizzly-http-server/2.3.15-gfa/grizzly-http-server-2.3.15-gfa.jar"/>
  </path>
  
  <path id="library.maven:_org.glassfish.grizzly:grizzly-http:2.3.15-gfa.classpath">
    <pathelement location="${basedir}/../../maven/repository/org/glassfish/grizzly/grizzly-http/2.3.15-gfa/grizzly-http-2.3.15-gfa.jar"/>
  </path>
  
  <path id="library.maven:_org.glassfish.tyrus:tyrus-client:1.8.3.classpath">
    <pathelement location="${basedir}/../../maven/repository/org/glassfish/tyrus/tyrus-client/1.8.3/tyrus-client-1.8.3.jar"/>
  </path>
  
  <path id="library.maven:_org.glassfish.tyrus:tyrus-container-grizzly-client:1.8.3.classpath">
    <pathelement location="${basedir}/../../maven/repository/org/glassfish/tyrus/tyrus-container-grizzly-client/1.8.3/tyrus-container-grizzly-client-1.8.3.jar"/>
  </path>
  
  <path id="library.maven:_org.glassfish.tyrus:tyrus-core:1.8.3.classpath">
    <pathelement location="${basedir}/../../maven/repository/org/glassfish/tyrus/tyrus-core/1.8.3/tyrus-core-1.8.3.jar"/>
  </path>
  
  <path id="library.maven:_org.glassfish.tyrus:tyrus-spi:1.8.3.classpath">
    <pathelement location="${basedir}/../../maven/repository/org/glassfish/tyrus/tyrus-spi/1.8.3/tyrus-spi-1.8.3.jar"/>
  </path>
  
  <path id="library.maven:_org.hamcrest:hamcrest-core:1.3.classpath">
    <pathelement location="${basedir}/../../maven/repository/org/hamcrest/hamcrest-core/1.3/hamcrest-core-1.3.jar"/>
  </path>
  
  <path id="library.maven:_org.hamcrest:hamcrest-library:1.3.classpath">
    <pathelement location="${basedir}/../../maven/repository/org/hamcrest/hamcrest-library/1.3/hamcrest-library-1.3.jar"/>
  </path>
  
  <path id="library.maven:_org.hibernate.common:hibernate-commons-annotations:5.0.4.final.classpath">
    <pathelement location="${basedir}/../../maven/repository/org/hibernate/common/hibernate-commons-annotations/5.0.4.Final/hibernate-commons-annotations-5.0.4.Final.jar"/>
  </path>
  
  <path id="library.maven:_org.hibernate.validator:hibernate-validator:6.0.14.final.classpath">
    <pathelement location="${basedir}/../../maven/repository/org/hibernate/validator/hibernate-validator/6.0.14.Final/hibernate-validator-6.0.14.Final.jar"/>
  </path>
  
  <path id="library.maven:_org.hibernate:hibernate-core:5.3.7.final.classpath">
    <pathelement location="${basedir}/../../maven/repository/org/hibernate/hibernate-core/5.3.7.Final/hibernate-core-5.3.7.Final.jar"/>
  </path>
  
  <path id="library.maven:_org.java-websocket:java-websocket:1.3.4.classpath">
    <pathelement location="${basedir}/../../maven/repository/org/java-websocket/Java-WebSocket/1.3.4/Java-WebSocket-1.3.4.jar"/>
  </path>
  
  <path id="library.maven:_org.javassist:javassist:3.23.1-ga.classpath">
    <pathelement location="${basedir}/../../maven/repository/org/javassist/javassist/3.23.1-GA/javassist-3.23.1-GA.jar"/>
  </path>
  
  <path id="library.maven:_org.jboss.logging:jboss-logging:3.3.2.final.classpath">
    <pathelement location="${basedir}/../../maven/repository/org/jboss/logging/jboss-logging/3.3.2.Final/jboss-logging-3.3.2.Final.jar"/>
  </path>
  
  <path id="library.maven:_org.jboss:jandex:2.0.5.final.classpath">
    <pathelement location="${basedir}/../../maven/repository/org/jboss/jandex/2.0.5.Final/jandex-2.0.5.Final.jar"/>
  </path>
  
  <path id="library.maven:_org.mockito:mockito-core:2.23.4.classpath">
    <pathelement location="${basedir}/../../maven/repository/org/mockito/mockito-core/2.23.4/mockito-core-2.23.4.jar"/>
  </path>
  
  <path id="library.maven:_org.mybatis.spring.boot:mybatis-spring-boot-autoconfigure:2.0.0.classpath">
    <pathelement location="${basedir}/../../maven/repository/org/mybatis/spring/boot/mybatis-spring-boot-autoconfigure/2.0.0/mybatis-spring-boot-autoconfigure-2.0.0.jar"/>
  </path>
  
  <path id="library.maven:_org.mybatis.spring.boot:mybatis-spring-boot-starter:2.0.0.classpath">
    <pathelement location="${basedir}/../../maven/repository/org/mybatis/spring/boot/mybatis-spring-boot-starter/2.0.0/mybatis-spring-boot-starter-2.0.0.jar"/>
  </path>
  
  <path id="library.maven:_org.mybatis:mybatis-spring:2.0.0.classpath">
    <pathelement location="${basedir}/../../maven/repository/org/mybatis/mybatis-spring/2.0.0/mybatis-spring-2.0.0.jar"/>
  </path>
  
  <path id="library.maven:_org.mybatis:mybatis:3.5.0.classpath">
    <pathelement location="${basedir}/../../maven/repository/org/mybatis/mybatis/3.5.0/mybatis-3.5.0.jar"/>
  </path>
  
  <path id="library.maven:_org.objenesis:objenesis:2.6.classpath">
    <pathelement location="${basedir}/../../maven/repository/org/objenesis/objenesis/2.6/objenesis-2.6.jar"/>
  </path>
  
  <path id="library.maven:_org.ow2.asm:asm:5.0.4.classpath">
    <pathelement location="${basedir}/../../maven/repository/org/ow2/asm/asm/5.0.4/asm-5.0.4.jar"/>
  </path>
  
  <path id="library.maven:_org.skyscreamer:jsonassert:1.5.0.classpath">
    <pathelement location="${basedir}/../../maven/repository/org/skyscreamer/jsonassert/1.5.0/jsonassert-1.5.0.jar"/>
  </path>
  
  <path id="library.maven:_org.slf4j:jul-to-slf4j:1.7.25.classpath">
    <pathelement location="${basedir}/../../maven/repository/org/slf4j/jul-to-slf4j/1.7.25/jul-to-slf4j-1.7.25.jar"/>
  </path>
  
  <path id="library.maven:_org.slf4j:slf4j-api:1.7.25.classpath">
    <pathelement location="${basedir}/../../maven/repository/org/slf4j/slf4j-api/1.7.25/slf4j-api-1.7.25.jar"/>
  </path>
  
  <path id="library.maven:_org.springframework.boot:spring-boot-autoconfigure:2.1.3.release.classpath">
    <pathelement location="${basedir}/../../maven/repository/org/springframework/boot/spring-boot-autoconfigure/2.1.3.RELEASE/spring-boot-autoconfigure-2.1.3.RELEASE.jar"/>
  </path>
  
  <path id="library.maven:_org.springframework.boot:spring-boot-configuration-processor:2.1.3.release.classpath">
    <pathelement location="${basedir}/../../maven/repository/org/springframework/boot/spring-boot-configuration-processor/2.1.3.RELEASE/spring-boot-configuration-processor-2.1.3.RELEASE.jar"/>
  </path>
  
  <path id="library.maven:_org.springframework.boot:spring-boot-devtools:2.1.3.release.classpath">
    <pathelement location="${basedir}/../../maven/repository/org/springframework/boot/spring-boot-devtools/2.1.3.RELEASE/spring-boot-devtools-2.1.3.RELEASE.jar"/>
  </path>
  
  <path id="library.maven:_org.springframework.boot:spring-boot-starter-aop:2.1.3.release.classpath">
    <pathelement location="${basedir}/../../maven/repository/org/springframework/boot/spring-boot-starter-aop/2.1.3.RELEASE/spring-boot-starter-aop-2.1.3.RELEASE.jar"/>
  </path>
  
  <path id="library.maven:_org.springframework.boot:spring-boot-starter-data-jpa:2.1.3.release.classpath">
    <pathelement location="${basedir}/../../maven/repository/org/springframework/boot/spring-boot-starter-data-jpa/2.1.3.RELEASE/spring-boot-starter-data-jpa-2.1.3.RELEASE.jar"/>
  </path>
  
  <path id="library.maven:_org.springframework.boot:spring-boot-starter-jdbc:2.1.3.release.classpath">
    <pathelement location="${basedir}/../../maven/repository/org/springframework/boot/spring-boot-starter-jdbc/2.1.3.RELEASE/spring-boot-starter-jdbc-2.1.3.RELEASE.jar"/>
  </path>
  
  <path id="library.maven:_org.springframework.boot:spring-boot-starter-json:2.1.3.release.classpath">
    <pathelement location="${basedir}/../../maven/repository/org/springframework/boot/spring-boot-starter-json/2.1.3.RELEASE/spring-boot-starter-json-2.1.3.RELEASE.jar"/>
  </path>
  
  <path id="library.maven:_org.springframework.boot:spring-boot-starter-logging:2.1.3.release.classpath">
    <pathelement location="${basedir}/../../maven/repository/org/springframework/boot/spring-boot-starter-logging/2.1.3.RELEASE/spring-boot-starter-logging-2.1.3.RELEASE.jar"/>
  </path>
  
  <path id="library.maven:_org.springframework.boot:spring-boot-starter-testCookie:2.1.3.release.classpath">
    <pathelement location="${basedir}/../../maven/repository/org/springframework/boot/spring-boot-starter-test/2.1.3.RELEASE/spring-boot-starter-test-2.1.3.RELEASE.jar"/>
  </path>
  
  <path id="library.maven:_org.springframework.boot:spring-boot-starter-tomcat:2.1.3.release.classpath">
    <pathelement location="${basedir}/../../maven/repository/org/springframework/boot/spring-boot-starter-tomcat/2.1.3.RELEASE/spring-boot-starter-tomcat-2.1.3.RELEASE.jar"/>
  </path>
  
  <path id="library.maven:_org.springframework.boot:spring-boot-starter-web:2.1.3.release.classpath">
    <pathelement location="${basedir}/../../maven/repository/org/springframework/boot/spring-boot-starter-web/2.1.3.RELEASE/spring-boot-starter-web-2.1.3.RELEASE.jar"/>
  </path>
  
  <path id="library.maven:_org.springframework.boot:spring-boot-starter:2.1.3.release.classpath">
    <pathelement location="${basedir}/../../maven/repository/org/springframework/boot/spring-boot-starter/2.1.3.RELEASE/spring-boot-starter-2.1.3.RELEASE.jar"/>
  </path>
  
  <path id="library.maven:_org.springframework.boot:spring-boot-testCookie-autoconfigure:2.1.3.release.classpath">
    <pathelement location="${basedir}/../../maven/repository/org/springframework/boot/spring-boot-test-autoconfigure/2.1.3.RELEASE/spring-boot-test-autoconfigure-2.1.3.RELEASE.jar"/>
  </path>
  
  <path id="library.maven:_org.springframework.boot:spring-boot-testCookie:2.1.3.release.classpath">
    <pathelement location="${basedir}/../../maven/repository/org/springframework/boot/spring-boot-test/2.1.3.RELEASE/spring-boot-test-2.1.3.RELEASE.jar"/>
  </path>
  
  <path id="library.maven:_org.springframework.boot:spring-boot:2.1.3.release.classpath">
    <pathelement location="${basedir}/../../maven/repository/org/springframework/boot/spring-boot/2.1.3.RELEASE/spring-boot-2.1.3.RELEASE.jar"/>
  </path>
  
  <path id="library.maven:_org.springframework.data:spring-data-commons:2.1.5.release.classpath">
    <pathelement location="${basedir}/../../maven/repository/org/springframework/data/spring-data-commons/2.1.5.RELEASE/spring-data-commons-2.1.5.RELEASE.jar"/>
  </path>
  
  <path id="library.maven:_org.springframework.data:spring-data-jpa:2.1.5.release.classpath">
    <pathelement location="${basedir}/../../maven/repository/org/springframework/data/spring-data-jpa/2.1.5.RELEASE/spring-data-jpa-2.1.5.RELEASE.jar"/>
  </path>
  
  <path id="library.maven:_org.springframework:spring-aop:5.1.5.release.classpath">
    <pathelement location="${basedir}/../../maven/repository/org/springframework/spring-aop/5.1.5.RELEASE/spring-aop-5.1.5.RELEASE.jar"/>
  </path>
  
  <path id="library.maven:_org.springframework:spring-aspects:5.1.5.release.classpath">
    <pathelement location="${basedir}/../../maven/repository/org/springframework/spring-aspects/5.1.5.RELEASE/spring-aspects-5.1.5.RELEASE.jar"/>
  </path>
  
  <path id="library.maven:_org.springframework:spring-beans:5.1.5.release.classpath">
    <pathelement location="${basedir}/../../maven/repository/org/springframework/spring-beans/5.1.5.RELEASE/spring-beans-5.1.5.RELEASE.jar"/>
  </path>
  
  <path id="library.maven:_org.springframework:spring-context:5.1.5.release.classpath">
    <pathelement location="${basedir}/../../maven/repository/org/springframework/spring-context/5.1.5.RELEASE/spring-context-5.1.5.RELEASE.jar"/>
  </path>
  
  <path id="library.maven:_org.springframework:spring-core:5.1.5.release.classpath">
    <pathelement location="${basedir}/../../maven/repository/org/springframework/spring-core/5.1.5.RELEASE/spring-core-5.1.5.RELEASE.jar"/>
  </path>
  
  <path id="library.maven:_org.springframework:spring-expression:5.1.5.release.classpath">
    <pathelement location="${basedir}/../../maven/repository/org/springframework/spring-expression/5.1.5.RELEASE/spring-expression-5.1.5.RELEASE.jar"/>
  </path>
  
  <path id="library.maven:_org.springframework:spring-jcl:5.1.5.release.classpath">
    <pathelement location="${basedir}/../../maven/repository/org/springframework/spring-jcl/5.1.5.RELEASE/spring-jcl-5.1.5.RELEASE.jar"/>
  </path>
  
  <path id="library.maven:_org.springframework:spring-jdbc:5.1.5.release.classpath">
    <pathelement location="${basedir}/../../maven/repository/org/springframework/spring-jdbc/5.1.5.RELEASE/spring-jdbc-5.1.5.RELEASE.jar"/>
  </path>
  
  <path id="library.maven:_org.springframework:spring-orm:5.1.5.release.classpath">
    <pathelement location="${basedir}/../../maven/repository/org/springframework/spring-orm/5.1.5.RELEASE/spring-orm-5.1.5.RELEASE.jar"/>
  </path>
  
  <path id="library.maven:_org.springframework:spring-testCookie:5.1.5.release.classpath">
    <pathelement location="${basedir}/../../maven/repository/org/springframework/spring-test/5.1.5.RELEASE/spring-test-5.1.5.RELEASE.jar"/>
  </path>
  
  <path id="library.maven:_org.springframework:spring-tx:5.1.5.release.classpath">
    <pathelement location="${basedir}/../../maven/repository/org/springframework/spring-tx/5.1.5.RELEASE/spring-tx-5.1.5.RELEASE.jar"/>
  </path>
  
  <path id="library.maven:_org.springframework:spring-web:5.1.5.release.classpath">
    <pathelement location="${basedir}/../../maven/repository/org/springframework/spring-web/5.1.5.RELEASE/spring-web-5.1.5.RELEASE.jar"/>
  </path>
  
  <path id="library.maven:_org.springframework:spring-webmvc:5.1.5.release.classpath">
    <pathelement location="${basedir}/../../maven/repository/org/springframework/spring-webmvc/5.1.5.RELEASE/spring-webmvc-5.1.5.RELEASE.jar"/>
  </path>
  
  <path id="library.maven:_org.testng:testng:6.14.3.classpath">
    <pathelement location="${basedir}/../../maven/repository/org/testng/testng/6.14.3/testng-6.14.3.jar"/>
  </path>
  
  <path id="library.maven:_org.xmlunit:xmlunit-core:2.6.2.classpath">
    <pathelement location="${basedir}/../../maven/repository/org/xmlunit/xmlunit-core/2.6.2/xmlunit-core-2.6.2.jar"/>
  </path>
  
  <path id="library.maven:_org.yaml:snakeyaml:1.23.classpath">
    <pathelement location="${basedir}/../../maven/repository/org/yaml/snakeyaml/1.23/snakeyaml-1.23.jar"/>
  </path>
  <!-- Register Custom Compiler Taskdefs -->
  <property name="javac2.home" value="${idea.home}/lib"/>
  <path id="javac2.classpath">
    <fileset dir="${javac2.home}">
      <include name="javac2.jar"/>
      <include name="jdom.jar"/>
      <include name="asm-all*.jar"/>
      <include name="forms-*.jar"/>
    </fileset>
  </path>
  <target name="register.custom.compilers">
    <taskdef name="javac2" classname="com.intellij.ant.Javac2" classpathref="javac2.classpath"/>
    <taskdef name="instrumentIdeaExtensions" classname="com.intellij.ant.InstrumentIdeaExtensions" classpathref="javac2.classpath"/>
  </target>
  
  <!-- Modules -->
  
  <import file="${basedir}/module_dafacloud.xml"/>
  
  <import file="${basedir}/../pers.dafacloud-dao/module_dafacloud-dao.xml"/>
  
  <import file="${basedir}/../pers.dafacloud-service/module_dafacloud-service.xml"/>
  
  <import file="${basedir}/../pers.dafacloud-thread/module_dafacloud-thread.xml"/>
  
  <import file="${basedir}/../pers.dafacloud-web/module_dafacloud-web.xml"/>
  
  <target name="init" description="Build initialization">
    <!-- Perform any build initialization in this target -->
  </target>
  
  <target name="clean" depends="clean.module.pers.dafacloud, clean.module.pers.dafacloud-dao, clean.module.pers.dafacloud-service, clean.module.pers.dafacloud-thread, clean.module.pers.dafacloud-web" description="cleanup all"/>
  
  <target name="build.modules" depends="init, clean, compile.module.pers.dafacloud, compile.module.pers.dafacloud-dao, compile.module.pers.dafacloud-service, compile.module.pers.dafacloud-thread, compile.module.pers.dafacloud-web" description="build all modules"/>
  
  <target name="all" depends="build.modules" description="build all"/>
</project>