<?xml version="1.0" encoding="UTF-8"?>
<project name="module_dafacloud" default="compile.module.pers.dafacloud">
  <dirname property="module.pers.dafacloud.basedir" file="${ant.file.module_dafacloud}"/>
  
  <property name="module.jdk.home.pers.dafacloud" value="${jdk.home.1.8}"/>
  <property name="module.jdk.bin.pers.dafacloud" value="${jdk.bin.1.8}"/>
  <property name="module.jdk.classpath.pers.dafacloud" value="jdk.classpath.1.8"/>
  
  <property name="compiler.args.pers.dafacloud" value="-encoding UTF-8 -source 8 -target 1.8 ${compiler.args}"/>
  
  <property name="pers.dafacloud.output.dir" value="${module.pers.dafacloud.basedir}/target/classes"/>
  <property name="pers.dafacloud.testoutput.dir" value="${module.pers.dafacloud.basedir}/target/test-classes"/>
  
  <path id="pers.dafacloud.module.bootclasspath">
    <!-- Paths to be included in compilation bootclasspath -->
  </path>
  
  <path id="pers.dafacloud.module.production.classpath">
    <path refid="${module.jdk.classpath.pers.dafacloud}"/>
    <path refid="library.maven:_org.springframework.boot:spring-boot-starter:2.1.3.release.classpath"/>
    <path refid="library.maven:_org.springframework.boot:spring-boot:2.1.3.release.classpath"/>
    <path refid="library.maven:_org.springframework:spring-context:5.1.5.release.classpath"/>
    <path refid="library.maven:_org.springframework:spring-aop:5.1.5.release.classpath"/>
    <path refid="library.maven:_org.springframework:spring-beans:5.1.5.release.classpath"/>
    <path refid="library.maven:_org.springframework:spring-expression:5.1.5.release.classpath"/>
    <path refid="library.maven:_org.springframework.boot:spring-boot-autoconfigure:2.1.3.release.classpath"/>
    <path refid="library.maven:_org.springframework.boot:spring-boot-starter-logging:2.1.3.release.classpath"/>
    <path refid="library.maven:_ch.qos.logback:logback-classic:1.2.3.classpath"/>
    <path refid="library.maven:_ch.qos.logback:logback-core:1.2.3.classpath"/>
    <path refid="library.maven:_org.apache.logging.log4j:log4j-to-slf4j:2.11.2.classpath"/>
    <path refid="library.maven:_org.apache.logging.log4j:log4j-api:2.11.2.classpath"/>
    <path refid="library.maven:_org.slf4j:jul-to-slf4j:1.7.25.classpath"/>
    <path refid="library.maven:_javax.annotation:javax.annotation-api:1.3.2.classpath"/>
    <path refid="library.maven:_org.springframework:spring-core:5.1.5.release.classpath"/>
    <path refid="library.maven:_org.springframework:spring-jcl:5.1.5.release.classpath"/>
    <path refid="library.maven:_org.slf4j:slf4j-api:1.7.25.classpath"/>
    <path refid="library.maven:_javax.websocket:javax.websocket-client-api:1.1.classpath"/>
    <path refid="library.maven:_javax.websocket:javax.websocket-api:1.0.classpath"/>
    <path refid="library.maven:_org.glassfish.tyrus:tyrus-container-grizzly-client:1.8.3.classpath"/>
    <path refid="library.maven:_org.glassfish.grizzly:grizzly-framework:2.3.15-gfa.classpath"/>
    <path refid="library.maven:_org.glassfish.grizzly:grizzly-http-server:2.3.15-gfa.classpath"/>
    <path refid="library.maven:_org.glassfish.grizzly:grizzly-http:2.3.15-gfa.classpath"/>
    <path refid="library.maven:_org.glassfish.tyrus:tyrus-client:1.8.3.classpath"/>
    <path refid="library.maven:_org.glassfish.tyrus:tyrus-core:1.8.3.classpath"/>
    <path refid="library.maven:_org.glassfish.tyrus:tyrus-spi:1.8.3.classpath"/>
  </path>
  
  <path id="pers.dafacloud.runtime.production.module.classpath">
    <pathelement location="${pers.dafacloud.output.dir}"/>
    <path refid="library.maven:_org.springframework.boot:spring-boot-starter:2.1.3.release.classpath"/>
    <path refid="library.maven:_org.springframework.boot:spring-boot:2.1.3.release.classpath"/>
    <path refid="library.maven:_org.springframework:spring-context:5.1.5.release.classpath"/>
    <path refid="library.maven:_org.springframework:spring-aop:5.1.5.release.classpath"/>
    <path refid="library.maven:_org.springframework:spring-beans:5.1.5.release.classpath"/>
    <path refid="library.maven:_org.springframework:spring-expression:5.1.5.release.classpath"/>
    <path refid="library.maven:_org.springframework.boot:spring-boot-autoconfigure:2.1.3.release.classpath"/>
    <path refid="library.maven:_org.springframework.boot:spring-boot-starter-logging:2.1.3.release.classpath"/>
    <path refid="library.maven:_ch.qos.logback:logback-classic:1.2.3.classpath"/>
    <path refid="library.maven:_ch.qos.logback:logback-core:1.2.3.classpath"/>
    <path refid="library.maven:_org.apache.logging.log4j:log4j-to-slf4j:2.11.2.classpath"/>
    <path refid="library.maven:_org.apache.logging.log4j:log4j-api:2.11.2.classpath"/>
    <path refid="library.maven:_org.slf4j:jul-to-slf4j:1.7.25.classpath"/>
    <path refid="library.maven:_javax.annotation:javax.annotation-api:1.3.2.classpath"/>
    <path refid="library.maven:_org.springframework:spring-core:5.1.5.release.classpath"/>
    <path refid="library.maven:_org.springframework:spring-jcl:5.1.5.release.classpath"/>
    <path refid="library.maven:_org.yaml:snakeyaml:1.23.classpath"/>
    <path refid="library.maven:_org.slf4j:slf4j-api:1.7.25.classpath"/>
    <path refid="library.maven:_javax.websocket:javax.websocket-client-api:1.1.classpath"/>
    <path refid="library.maven:_javax.websocket:javax.websocket-api:1.0.classpath"/>
    <path refid="library.maven:_org.glassfish.tyrus:tyrus-container-grizzly-client:1.8.3.classpath"/>
    <path refid="library.maven:_org.glassfish.grizzly:grizzly-framework:2.3.15-gfa.classpath"/>
    <path refid="library.maven:_org.glassfish.grizzly:grizzly-http-server:2.3.15-gfa.classpath"/>
    <path refid="library.maven:_org.glassfish.grizzly:grizzly-http:2.3.15-gfa.classpath"/>
    <path refid="library.maven:_org.glassfish.tyrus:tyrus-client:1.8.3.classpath"/>
    <path refid="library.maven:_org.glassfish.tyrus:tyrus-core:1.8.3.classpath"/>
    <path refid="library.maven:_org.glassfish.tyrus:tyrus-spi:1.8.3.classpath"/>
  </path>
  
  <path id="pers.dafacloud.module.classpath">
    <path refid="${module.jdk.classpath.pers.dafacloud}"/>
    <pathelement location="${pers.dafacloud.output.dir}"/>
    <path refid="library.maven:_org.springframework.boot:spring-boot-starter:2.1.3.release.classpath"/>
    <path refid="library.maven:_org.springframework.boot:spring-boot:2.1.3.release.classpath"/>
    <path refid="library.maven:_org.springframework:spring-context:5.1.5.release.classpath"/>
    <path refid="library.maven:_org.springframework:spring-aop:5.1.5.release.classpath"/>
    <path refid="library.maven:_org.springframework:spring-beans:5.1.5.release.classpath"/>
    <path refid="library.maven:_org.springframework:spring-expression:5.1.5.release.classpath"/>
    <path refid="library.maven:_org.springframework.boot:spring-boot-autoconfigure:2.1.3.release.classpath"/>
    <path refid="library.maven:_org.springframework.boot:spring-boot-starter-logging:2.1.3.release.classpath"/>
    <path refid="library.maven:_ch.qos.logback:logback-classic:1.2.3.classpath"/>
    <path refid="library.maven:_ch.qos.logback:logback-core:1.2.3.classpath"/>
    <path refid="library.maven:_org.apache.logging.log4j:log4j-to-slf4j:2.11.2.classpath"/>
    <path refid="library.maven:_org.apache.logging.log4j:log4j-api:2.11.2.classpath"/>
    <path refid="library.maven:_org.slf4j:jul-to-slf4j:1.7.25.classpath"/>
    <path refid="library.maven:_javax.annotation:javax.annotation-api:1.3.2.classpath"/>
    <path refid="library.maven:_org.springframework:spring-core:5.1.5.release.classpath"/>
    <path refid="library.maven:_org.springframework:spring-jcl:5.1.5.release.classpath"/>
    <path refid="library.maven:_org.yaml:snakeyaml:1.23.classpath"/>
    <path refid="library.maven:_org.springframework.boot:spring-boot-starter-test:2.1.3.release.classpath"/>
    <path refid="library.maven:_org.springframework.boot:spring-boot-test:2.1.3.release.classpath"/>
    <path refid="library.maven:_org.springframework.boot:spring-boot-test-autoconfigure:2.1.3.release.classpath"/>
    <path refid="library.maven:_com.jayway.jsonpath:json-path:2.4.0.classpath"/>
    <path refid="library.maven:_net.minidev:json-smart:2.3.classpath"/>
    <path refid="library.maven:_net.minidev:accessors-smart:1.2.classpath"/>
    <path refid="library.maven:_org.ow2.asm:asm:5.0.4.classpath"/>
    <path refid="library.maven:_org.slf4j:slf4j-api:1.7.25.classpath"/>
    <path refid="library.maven:_junit:junit:4.12.classpath"/>
    <path refid="library.maven:_org.assertj:assertj-core:3.11.1.classpath"/>
    <path refid="library.maven:_org.mockito:mockito-core:2.23.4.classpath"/>
    <path refid="library.maven:_net.bytebuddy:byte-buddy:1.9.10.classpath"/>
    <path refid="library.maven:_net.bytebuddy:byte-buddy-agent:1.9.10.classpath"/>
    <path refid="library.maven:_org.objenesis:objenesis:2.6.classpath"/>
    <path refid="library.maven:_org.hamcrest:hamcrest-core:1.3.classpath"/>
    <path refid="library.maven:_org.hamcrest:hamcrest-library:1.3.classpath"/>
    <path refid="library.maven:_org.skyscreamer:jsonassert:1.5.0.classpath"/>
    <path refid="library.maven:_com.vaadin.external.google:android-json:0.0.20131108.vaadin1.classpath"/>
    <path refid="library.maven:_org.springframework:spring-test:5.1.5.release.classpath"/>
    <path refid="library.maven:_org.xmlunit:xmlunit-core:2.6.2.classpath"/>
    <path refid="library.maven:_org.java-websocket:java-websocket:1.3.4.classpath"/>
    <path refid="library.maven:_javax.websocket:javax.websocket-client-api:1.1.classpath"/>
    <path refid="library.maven:_javax.websocket:javax.websocket-api:1.0.classpath"/>
    <path refid="library.maven:_org.glassfish.tyrus:tyrus-container-grizzly-client:1.8.3.classpath"/>
    <path refid="library.maven:_org.glassfish.grizzly:grizzly-framework:2.3.15-gfa.classpath"/>
    <path refid="library.maven:_org.glassfish.grizzly:grizzly-http-server:2.3.15-gfa.classpath"/>
    <path refid="library.maven:_org.glassfish.grizzly:grizzly-http:2.3.15-gfa.classpath"/>
    <path refid="library.maven:_org.glassfish.tyrus:tyrus-client:1.8.3.classpath"/>
    <path refid="library.maven:_org.glassfish.tyrus:tyrus-core:1.8.3.classpath"/>
    <path refid="library.maven:_org.glassfish.tyrus:tyrus-spi:1.8.3.classpath"/>
  </path>
  
  <path id="pers.dafacloud.runtime.module.classpath">
    <pathelement location="${pers.dafacloud.testoutput.dir}"/>
    <pathelement location="${pers.dafacloud.output.dir}"/>
    <path refid="library.maven:_org.springframework.boot:spring-boot-starter:2.1.3.release.classpath"/>
    <path refid="library.maven:_org.springframework.boot:spring-boot:2.1.3.release.classpath"/>
    <path refid="library.maven:_org.springframework:spring-context:5.1.5.release.classpath"/>
    <path refid="library.maven:_org.springframework:spring-aop:5.1.5.release.classpath"/>
    <path refid="library.maven:_org.springframework:spring-beans:5.1.5.release.classpath"/>
    <path refid="library.maven:_org.springframework:spring-expression:5.1.5.release.classpath"/>
    <path refid="library.maven:_org.springframework.boot:spring-boot-autoconfigure:2.1.3.release.classpath"/>
    <path refid="library.maven:_org.springframework.boot:spring-boot-starter-logging:2.1.3.release.classpath"/>
    <path refid="library.maven:_ch.qos.logback:logback-classic:1.2.3.classpath"/>
    <path refid="library.maven:_ch.qos.logback:logback-core:1.2.3.classpath"/>
    <path refid="library.maven:_org.apache.logging.log4j:log4j-to-slf4j:2.11.2.classpath"/>
    <path refid="library.maven:_org.apache.logging.log4j:log4j-api:2.11.2.classpath"/>
    <path refid="library.maven:_org.slf4j:jul-to-slf4j:1.7.25.classpath"/>
    <path refid="library.maven:_javax.annotation:javax.annotation-api:1.3.2.classpath"/>
    <path refid="library.maven:_org.springframework:spring-core:5.1.5.release.classpath"/>
    <path refid="library.maven:_org.springframework:spring-jcl:5.1.5.release.classpath"/>
    <path refid="library.maven:_org.yaml:snakeyaml:1.23.classpath"/>
    <path refid="library.maven:_org.springframework.boot:spring-boot-starter-test:2.1.3.release.classpath"/>
    <path refid="library.maven:_org.springframework.boot:spring-boot-test:2.1.3.release.classpath"/>
    <path refid="library.maven:_org.springframework.boot:spring-boot-test-autoconfigure:2.1.3.release.classpath"/>
    <path refid="library.maven:_com.jayway.jsonpath:json-path:2.4.0.classpath"/>
    <path refid="library.maven:_net.minidev:json-smart:2.3.classpath"/>
    <path refid="library.maven:_net.minidev:accessors-smart:1.2.classpath"/>
    <path refid="library.maven:_org.ow2.asm:asm:5.0.4.classpath"/>
    <path refid="library.maven:_org.slf4j:slf4j-api:1.7.25.classpath"/>
    <path refid="library.maven:_junit:junit:4.12.classpath"/>
    <path refid="library.maven:_org.assertj:assertj-core:3.11.1.classpath"/>
    <path refid="library.maven:_org.mockito:mockito-core:2.23.4.classpath"/>
    <path refid="library.maven:_net.bytebuddy:byte-buddy:1.9.10.classpath"/>
    <path refid="library.maven:_net.bytebuddy:byte-buddy-agent:1.9.10.classpath"/>
    <path refid="library.maven:_org.objenesis:objenesis:2.6.classpath"/>
    <path refid="library.maven:_org.hamcrest:hamcrest-core:1.3.classpath"/>
    <path refid="library.maven:_org.hamcrest:hamcrest-library:1.3.classpath"/>
    <path refid="library.maven:_org.skyscreamer:jsonassert:1.5.0.classpath"/>
    <path refid="library.maven:_com.vaadin.external.google:android-json:0.0.20131108.vaadin1.classpath"/>
    <path refid="library.maven:_org.springframework:spring-test:5.1.5.release.classpath"/>
    <path refid="library.maven:_org.xmlunit:xmlunit-core:2.6.2.classpath"/>
    <path refid="library.maven:_org.java-websocket:java-websocket:1.3.4.classpath"/>
    <path refid="library.maven:_javax.websocket:javax.websocket-client-api:1.1.classpath"/>
    <path refid="library.maven:_javax.websocket:javax.websocket-api:1.0.classpath"/>
    <path refid="library.maven:_org.glassfish.tyrus:tyrus-container-grizzly-client:1.8.3.classpath"/>
    <path refid="library.maven:_org.glassfish.grizzly:grizzly-framework:2.3.15-gfa.classpath"/>
    <path refid="library.maven:_org.glassfish.grizzly:grizzly-http-server:2.3.15-gfa.classpath"/>
    <path refid="library.maven:_org.glassfish.grizzly:grizzly-http:2.3.15-gfa.classpath"/>
    <path refid="library.maven:_org.glassfish.tyrus:tyrus-client:1.8.3.classpath"/>
    <path refid="library.maven:_org.glassfish.tyrus:tyrus-core:1.8.3.classpath"/>
    <path refid="library.maven:_org.glassfish.tyrus:tyrus-spi:1.8.3.classpath"/>
  </path>
  
  
  <patternset id="excluded.from.module.pers.dafacloud">
    <patternset refid="ignored.files"/>
  </patternset>
  
  <patternset id="excluded.from.compilation.pers.dafacloud">
    <patternset refid="excluded.from.module.pers.dafacloud"/>
  </patternset>
  
  
  <target name="compile.module.pers.dafacloud" depends="compile.module.pers.dafacloud.production,compile.module.pers.dafacloud.tests" description="Compile module pers.dafacloud"/>
  
  <target name="compile.module.pers.dafacloud.production" depends="register.custom.compilers" description="Compile module pers.dafacloud; production classes"/>
  
  <target name="compile.module.pers.dafacloud.tests" depends="register.custom.compilers,compile.module.pers.dafacloud.production" description="compile module pers.dafacloud; testCookie classes" unless="skip.tests"/>
  
  <target name="clean.module.pers.dafacloud" description="cleanup module">
    <delete dir="${pers.dafacloud.output.dir}"/>
    <delete dir="${pers.dafacloud.testoutput.dir}"/>
  </target>
</project>